<?xml version="1.0" encoding="UTF-8"?>
<project-private xmlns="http://www.netbeans.org/ns/project-private/1">
    <editor-bookmarks xmlns="http://www.netbeans.org/ns/editor-bookmarks/2" lastBookmarkId="0"/>
    <open-files xmlns="http://www.netbeans.org/ns/projectui-open-files/2">
        <group>
            <file>file:/C:/Users/crist/OneDrive/Desktop/ProgettoInfo/ProgettoInfo/src/grafica/CorsiDialog.java</file>
            <file>file:/C:/Users/crist/OneDrive/Desktop/ProgettoInfo/ProgettoInfo/src/grafica/AppelliDialog.java</file>
            <file>file:/C:/Users/crist/OneDrive/Desktop/ProgettoInfo/ProgettoInfo/src/grafica/DisciplineDialog.java</file>
            <file>file:/C:/Users/crist/OneDrive/Desktop/ProgettoInfo/ProgettoInfo/src/Classi/GestioneAppelli.java</file>
            <file>file:/C:/Users/crist/OneDrive/Desktop/ProgettoInfo/ProgettoInfo/src/Classi/GestioneDiscipline.java</file>
            <file>file:/C:/Users/crist/OneDrive/Desktop/ProgettoInfo/ProgettoInfo/src/Classi/GestioneCorsi.java</file>
            <file>file:/C:/Users/crist/OneDrive/Desktop/ProgettoInfo/ProgettoInfo/src/Classi/Gestore.java</file>
        </group>
    </open-files>
</project-private>
