<?xml version="1.0" encoding="UTF-8"?>
<project-private xmlns="http://www.netbeans.org/ns/project-private/1">
    <editor-bookmarks xmlns="http://www.netbeans.org/ns/editor-bookmarks/2" lastBookmarkId="0"/>
    <open-files xmlns="http://www.netbeans.org/ns/projectui-open-files/2">
        <group>
            <file>file:/Z:/codeblocks/java/ProgettoInfo/src/Classi/Disciplina.java</file>
            <file>file:/Z:/codeblocks/java/ProgettoInfo/src/progettoinfo/ProgettoInfo.java</file>
            <file>file:/Z:/codeblocks/java/ProgettoInfo/src/Classi/Studente.java</file>
            <file>file:/Z:/codeblocks/java/ProgettoInfo/src/Classi/Docente.java</file>
            <file>file:/Z:/codeblocks/java/ProgettoInfo/src/Classi/Corso.java</file>
            <file>file:/Z:/codeblocks/java/ProgettoInfo/src/Classi/IscrizioneAppello.java</file>
            <file>file:/Z:/codeblocks/java/ProgettoInfo/src/Classi/Appello.java</file>
        </group>
    </open-files>
</project-private>
